scenario,home_region,work_region,commuters,probability,data_origin
baseline,A,A,54000.00000000016,0.4500000000000013,teaching_model
baseline,A,B,6000.000000000025,0.0500000000000002,teaching_model
baseline,B,A,6000.000000000004,0.05000000000000003,teaching_model
baseline,B,B,53999.99999999997,0.4499999999999997,teaching_model
B_housing_plus20,A,A,51850.99746885488,0.4320916455737907,teaching_model
B_housing_plus20,A,B,5627.316866869678,0.04689430722391398,teaching_model
B_housing_plus20,B,A,6385.747094037619,0.05321455911698016,teaching_model
B_housing_plus20,B,B,56135.93857023771,0.4677994880853142,teaching_model
zero_shock,A,A,54000.00000000016,0.4500000000000013,teaching_model
zero_shock,A,B,6000.000000000025,0.0500000000000002,teaching_model
zero_shock,B,A,6000.000000000004,0.05000000000000003,teaching_model
zero_shock,B,B,53999.99999999997,0.4499999999999997,teaching_model
common_housing_plus20,A,A,54000.00000000016,0.4500000000000013,teaching_model
common_housing_plus20,A,B,6000.000000000025,0.0500000000000002,teaching_model
common_housing_plus20,B,A,6000.000000000025,0.0500000000000002,teaching_model
common_housing_plus20,B,B,54000.00000000016,0.4500000000000013,teaching_model
common_productivity_plus10,A,A,54000.00000000016,0.4500000000000013,teaching_model
common_productivity_plus10,A,B,6000.000000000025,0.0500000000000002,teaching_model
common_productivity_plus10,B,A,6000.000000000025,0.0500000000000002,teaching_model
common_productivity_plus10,B,B,54000.00000000016,0.4500000000000013,teaching_model
restricted_baseline,A,A,59999.99999999988,0.4999999999999991,teaching_model
restricted_baseline,A,B,0,0,teaching_model
restricted_baseline,B,A,0,0,teaching_model
restricted_baseline,B,B,59999.99999999988,0.4999999999999991,teaching_model
restricted_B_housing_plus20,A,A,57623.13724563187,0.4801928103802656,teaching_model
restricted_B_housing_plus20,A,B,0,0,teaching_model
restricted_B_housing_plus20,B,A,0,0,teaching_model
restricted_B_housing_plus20,B,B,62376.86275436783,0.5198071896197319,teaching_model
high_tau_baseline,A,A,59999.99999999988,0.4999999999999991,teaching_model
high_tau_baseline,A,B,1.082910832707247e-30,9.024256939227059e-36,teaching_model
high_tau_baseline,B,A,1.082910832707247e-30,9.024256939227059e-36,teaching_model
high_tau_baseline,B,B,59999.99999999988,0.4999999999999991,teaching_model
high_tau_B_housing_plus20,A,A,57623.13724563187,0.4801928103802656,teaching_model
high_tau_B_housing_plus20,A,B,1.007552524832634e-30,8.396271040271947e-36,teaching_model
high_tau_B_housing_plus20,B,A,1.162078931101598e-30,9.683991092513315e-36,teaching_model
high_tau_B_housing_plus20,B,B,62376.86275436783,0.5198071896197319,teaching_model
sensitivity_00_baseline,A,A,53999.99999999997,0.4499999999999997,teaching_model
sensitivity_00_baseline,A,B,5999.999999999993,0.04999999999999994,teaching_model
sensitivity_00_baseline,B,A,5999.999999999993,0.04999999999999994,teaching_model
sensitivity_00_baseline,B,B,53999.99999999997,0.4499999999999997,teaching_model
sensitivity_00_policy,A,A,53065.13584747684,0.4422094653956404,teaching_model
sensitivity_00_policy,A,B,5880.13980263777,0.04900116502198142,teaching_model
sensitivity_00_policy,B,A,6120.4074898922,0.05100339574910167,teaching_model
sensitivity_00_policy,B,B,54934.31685999321,0.4577859738332767,teaching_model
sensitivity_01_baseline,A,A,53999.99999999997,0.4499999999999997,teaching_model
sensitivity_01_baseline,A,B,5999.999999999993,0.04999999999999994,teaching_model
sensitivity_01_baseline,B,A,5999.999999999993,0.04999999999999994,teaching_model
sensitivity_01_baseline,B,B,53999.99999999997,0.4499999999999997,teaching_model
sensitivity_01_policy,A,A,52496.70093752116,0.4374725078126763,teaching_model
sensitivity_01_policy,A,B,5783.257896400688,0.04819381580333907,teaching_model
sensitivity_01_policy,B,A,6219.708353981954,0.05183090294984962,teaching_model
sensitivity_01_policy,B,B,55500.33281209638,0.4625027734341365,teaching_model
sensitivity_02_baseline,A,A,54000.00000000016,0.4500000000000013,teaching_model
sensitivity_02_baseline,A,B,6000.000000000025,0.0500000000000002,teaching_model
sensitivity_02_baseline,B,A,6000.000000000004,0.05000000000000003,teaching_model
sensitivity_02_baseline,B,B,53999.99999999997,0.4499999999999997,teaching_model
sensitivity_02_policy,A,A,51850.99746885488,0.4320916455737907,teaching_model
sensitivity_02_policy,A,B,5627.316866869678,0.04689430722391398,teaching_model
sensitivity_02_policy,B,A,6385.747094037619,0.05321455911698016,teaching_model
sensitivity_02_policy,B,B,56135.93857023771,0.4677994880853142,teaching_model
sensitivity_03_baseline,A,A,54000.00000000016,0.4500000000000013,teaching_model
sensitivity_03_baseline,A,B,6000.000000000004,0.05000000000000003,teaching_model
sensitivity_03_baseline,B,A,6000.000000000004,0.05000000000000003,teaching_model
sensitivity_03_baseline,B,B,54000.00000000016,0.4500000000000013,teaching_model
sensitivity_03_policy,A,A,51503.14364545566,0.4291928637121305,teaching_model
sensitivity_03_policy,A,B,5501.37898232657,0.04584482485272141,teaching_model
sensitivity_03_policy,B,A,6526.590741472748,0.05438825617893957,teaching_model
sensitivity_03_policy,B,B,56468.88663074534,0.4705740552562112,teaching_model
sensitivity_04_baseline,A,A,54000.00000000016,0.4500000000000013,teaching_model
sensitivity_04_baseline,A,B,6000.000000000004,0.05000000000000003,teaching_model
sensitivity_04_baseline,B,A,6000.000000000004,0.05000000000000003,teaching_model
sensitivity_04_baseline,B,B,54000.00000000016,0.4500000000000013,teaching_model
sensitivity_04_policy,A,A,51291.55250346055,0.4274296041955046,teaching_model
sensitivity_04_policy,A,B,5394.696582165657,0.04495580485138048,teaching_model
sensitivity_04_policy,B,A,6651.061809253926,0.05542551507711605,teaching_model
sensitivity_04_policy,B,B,56662.68910512038,0.4721890758760032,teaching_model
sensitivity_05_baseline,A,A,54000.00000000016,0.4500000000000013,teaching_model
sensitivity_05_baseline,A,B,6000.000000000025,0.0500000000000002,teaching_model
sensitivity_05_baseline,B,A,6000.000000000025,0.0500000000000002,teaching_model
sensitivity_05_baseline,B,B,54000.00000000016,0.4500000000000013,teaching_model
sensitivity_05_policy,A,A,52060.08339436735,0.4338340282863946,teaching_model
sensitivity_05_policy,A,B,5560.963260828121,0.04634136050690101,teaching_model
sensitivity_05_policy,B,A,6462.618395125596,0.0538551532927133,teaching_model
sensitivity_05_policy,B,B,55916.33494967873,0.4659694579139894,teaching_model
sensitivity_06_baseline,A,A,54000.00000000016,0.4500000000000013,teaching_model
sensitivity_06_baseline,A,B,6000.000000000025,0.0500000000000002,teaching_model
sensitivity_06_baseline,B,A,6000.000000000004,0.05000000000000003,teaching_model
sensitivity_06_baseline,B,B,53999.99999999997,0.4499999999999997,teaching_model
sensitivity_06_policy,A,A,51964.84640998222,0.4330403867498518,teaching_model
sensitivity_06_policy,A,B,5591.132289753386,0.04659276908127822,teaching_model
sensitivity_06_policy,B,A,6427.485539380923,0.05356237949484102,teaching_model
sensitivity_06_policy,B,B,56016.53576088374,0.4668044646740311,teaching_model
sensitivity_07_baseline,A,A,54000.00000000016,0.4500000000000013,teaching_model
sensitivity_07_baseline,A,B,6000.000000000025,0.0500000000000002,teaching_model
sensitivity_07_baseline,B,A,6000.000000000004,0.05000000000000003,teaching_model
sensitivity_07_baseline,B,B,53999.99999999997,0.4499999999999997,teaching_model
sensitivity_07_policy,A,A,51850.99746885488,0.4320916455737907,teaching_model
sensitivity_07_policy,A,B,5627.316866869678,0.04689430722391398,teaching_model
sensitivity_07_policy,B,A,6385.747094037619,0.05321455911698016,teaching_model
sensitivity_07_policy,B,B,56135.93857023771,0.4677994880853142,teaching_model
sensitivity_08_baseline,A,A,54000.00000000016,0.4500000000000013,teaching_model
sensitivity_08_baseline,A,B,6000.000000000025,0.0500000000000002,teaching_model
sensitivity_08_baseline,B,A,6000.000000000004,0.05000000000000003,teaching_model
sensitivity_08_baseline,B,B,53999.99999999997,0.4499999999999997,teaching_model
sensitivity_08_policy,A,A,51712.49413597542,0.4309374511331285,teaching_model
sensitivity_08_policy,A,B,5671.512704316105,0.04726260586930087,teaching_model
sensitivity_08_policy,B,A,6335.34994218593,0.05279458285154941,teaching_model
sensitivity_08_policy,B,B,56280.64321752243,0.4690053601460202,teaching_model
sensitivity_09_baseline,A,A,54000.00000000016,0.4500000000000013,teaching_model
sensitivity_09_baseline,A,B,6000.000000000025,0.0500000000000002,teaching_model
sensitivity_09_baseline,B,A,6000.000000000025,0.0500000000000002,teaching_model
sensitivity_09_baseline,B,B,54000.00000000016,0.4500000000000013,teaching_model
sensitivity_09_policy,A,A,51540.36210557917,0.4295030175464931,teaching_model
sensitivity_09_policy,A,B,5726.706900619914,0.04772255750516595,teaching_model
sensitivity_09_policy,B,A,6273.293099380056,0.05227744249483381,teaching_model
sensitivity_09_policy,B,B,56459.63789442045,0.4704969824535037,teaching_model
sensitivity_10_baseline,A,A,30000.0000000001,0.2500000000000008,teaching_model
sensitivity_10_baseline,A,B,30000.0000000001,0.2500000000000008,teaching_model
sensitivity_10_baseline,B,A,29999.99999999999,0.2499999999999999,teaching_model
sensitivity_10_baseline,B,B,29999.99999999999,0.2499999999999999,teaching_model
sensitivity_10_policy,A,A,28633.53450309975,0.2386127875258313,teaching_model
sensitivity_10_policy,A,B,28633.53450309975,0.2386127875258313,teaching_model
sensitivity_10_policy,B,A,31366.46549690026,0.2613872124741689,teaching_model
sensitivity_10_policy,B,B,31366.46549690026,0.2613872124741689,teaching_model
sensitivity_11_baseline,A,A,43863.5147178003,0.3655292893150025,teaching_model
sensitivity_11_baseline,A,B,16136.48528219971,0.1344707106849976,teaching_model
sensitivity_11_baseline,B,A,16136.48528219971,0.1344707106849976,teaching_model
sensitivity_11_baseline,B,B,43863.5147178003,0.3655292893150025,teaching_model
sensitivity_11_policy,A,A,42053.57510500488,0.350446459208374,teaching_model
sensitivity_11_policy,A,B,15278.3775578798,0.1273198129823317,teaching_model
sensitivity_11_policy,B,A,17008.56585251369,0.1417380487709474,teaching_model
sensitivity_11_policy,B,B,45659.48148460122,0.3804956790383435,teaching_model
sensitivity_12_baseline,A,A,54000.00000000016,0.4500000000000013,teaching_model
sensitivity_12_baseline,A,B,6000.000000000025,0.0500000000000002,teaching_model
sensitivity_12_baseline,B,A,6000.000000000004,0.05000000000000003,teaching_model
sensitivity_12_baseline,B,B,53999.99999999997,0.4499999999999997,teaching_model
sensitivity_12_policy,A,A,51850.99746885488,0.4320916455737907,teaching_model
sensitivity_12_policy,A,B,5627.316866869678,0.04689430722391398,teaching_model
sensitivity_12_policy,B,A,6385.747094037619,0.05321455911698016,teaching_model
sensitivity_12_policy,B,B,56135.93857023771,0.4677994880853142,teaching_model
sensitivity_13_baseline,A,A,58920.82740227431,0.4910068950189526,teaching_model
sensitivity_13_baseline,A,B,1079.17259772549,0.008993104981045748,teaching_model
sensitivity_13_baseline,B,A,1079.17259772549,0.008993104981045748,teaching_model
sensitivity_13_baseline,B,B,58920.82740227431,0.4910068950189526,teaching_model
sensitivity_13_policy,A,A,56587.2429452646,0.471560357877205,teaching_model
sensitivity_13_policy,A,B,1005.697228352896,0.008380810236274131,teaching_model
sensitivity_13_policy,B,A,1156.133766220423,0.009634448051836858,teaching_model
sensitivity_13_policy,B,B,61250.92606016172,0.510424383834681,teaching_model
sensitivity_14_baseline,A,A,59979.87899217221,0.4998323249347684,teaching_model
sensitivity_14_baseline,A,B,20.12100782798875,0.0001676750652332396,teaching_model
sensitivity_14_baseline,B,A,20.12100782798868,0.000167675065233239,teaching_model
sensitivity_14_baseline,B,B,59979.87899217199,0.4998323249347666,teaching_model
sensitivity_14_policy,A,A,57603.83399945637,0.4800319499954698,teaching_model
sensitivity_14_policy,A,B,18.72139271383084,0.0001560116059485904,teaching_model
sensitivity_14_policy,B,A,21.59129807321716,0.0001799274839434763,teaching_model
sensitivity_14_policy,B,B,62355.85330975672,0.5196321109146393,teaching_model
sensitivity_15_baseline,A,A,53999.99999999997,0.4499999999999997,teaching_model
sensitivity_15_baseline,A,B,5999.999999999982,0.04999999999999985,teaching_model
sensitivity_15_baseline,B,A,5999.999999999982,0.04999999999999985,teaching_model
sensitivity_15_baseline,B,B,53999.99999999997,0.4499999999999997,teaching_model
sensitivity_15_policy,A,A,51872.41288509312,0.432270107375776,teaching_model
sensitivity_15_policy,A,B,5633.769511851637,0.04694807926543031,teaching_model
sensitivity_15_policy,B,A,6378.700741815047,0.05315583951512539,teaching_model
sensitivity_15_policy,B,B,56115.11686124052,0.467625973843671,teaching_model
sensitivity_16_baseline,A,A,53896.26793565201,0.4491355661304334,teaching_model
sensitivity_16_baseline,A,B,6103.732064347965,0.05086443386956638,teaching_model
sensitivity_16_baseline,B,A,6103.732064347965,0.05086443386956638,teaching_model
sensitivity_16_baseline,B,B,53896.26793565201,0.4491355661304334,teaching_model
sensitivity_16_policy,A,A,51772.34424284826,0.4314362020237355,teaching_model
sensitivity_16_policy,A,B,5731.828705485175,0.04776523921237646,teaching_model
sensitivity_16_policy,B,A,6488.214817657233,0.05406845681381027,teaching_model
sensitivity_16_policy,B,B,56007.61223400899,0.4667301019500749,teaching_model
