scenario,region,data_origin,worker_welfare_change_pct,residents,residents_change_pct,employment,employment_change_pct,monthly_wage,monthly_wage_change_pct,monthly_rent_per_m2,monthly_rent_per_m2_change_pct,housing_m2,housing_m2_change_pct,output,output_change_pct
baseline,A,teaching_model,0,59999.99999999993,0,59999.99999999993,0,9600,0,119.9999999999998,0,1200000,0,639999999.9999993,0
baseline,B,teaching_model,0,60000.00000000008,0,60000.00000000008,0,9599.999999999998,0,120.0000000000001,0,1200000,0,640000000.0000007,0
B_housing_plus20,A,teaching_model,2.354009251315706,57478.3143357247,-4.202809440458721,58236.74456289267,-2.938759061845442,9628.677683267228,0.2987258673669446,115.2338625372223,-3.971781218981318,1200000,0,623047603.020954,-2.648812027975822
B_housing_plus20,B,teaching_model,2.354009251315706,62521.6856642753,4.202809440458699,61763.25543710733,2.93875906184542,9572.234738066427,-0.2892214784746994,103.9640072519689,-13.36332729002606,1440000,20,656902643.5901654,2.64103806096323
zero_shock,A,teaching_model,0,59999.99999999993,0,59999.99999999993,0,9600,0,119.9999999999998,0,1200000,0,639999999.9999993,0
zero_shock,B,teaching_model,0,60000.00000000008,0,60000.00000000008,0,9599.999999999998,0,120.0000000000001,0,1200000,0,640000000.0000007,0
common_housing_plus20,A,teaching_model,4.663513939210469,59999.9999999999,-4.440892098500626e-14,59999.9999999999,-4.440892098500626e-14,9600.000000000002,2.220446049250313e-14,99.99999999999983,-16.66666666666669,1440000,20,639999999.999999,-3.33066907387547e-14
common_housing_plus20,B,teaching_model,4.663513939210469,60000.00000000011,4.440892098500626e-14,60000.00000000011,4.440892098500626e-14,9599.999999999998,0,100.0000000000002,-16.66666666666662,1440000,20,640000000.000001,4.440892098500626e-14
common_productivity_plus10,A,teaching_model,7.409949864394129,59999.99999999999,1.110223024625157e-13,59999.99999999998,8.881784197001252e-14,10560,10.00000000000001,131.9999999999999,10.00000000000012,1200000,0,703999999.9999998,10.00000000000007
common_productivity_plus10,B,teaching_model,7.409949864394129,60000.00000000001,-1.110223024625157e-13,60000.00000000003,-8.881784197001252e-14,10560,10.00000000000001,132,9.999999999999876,1200000,0,704000000.0000002,9.99999999999992
restricted_baseline,A,teaching_model,0,60000.00000000007,0,60000.00000000007,0,9599.999999999998,0,120.0000000000001,0,1200000,0,640000000.0000005,0
restricted_baseline,B,teaching_model,0,59999.99999999993,0,59999.99999999993,0,9600,0,119.9999999999999,0,1200000,0,639999999.9999993,0
restricted_B_housing_plus20,A,teaching_model,2.351391594717875,57623.13724563197,-3.961437923946831,57623.13724563197,-3.961437923946831,9638.882099945768,0.4050218744350964,115.713047112425,-3.572460739645877,1200000,0,617136251.2662669,-3.572460739645866
restricted_B_housing_plus20,B,teaching_model,2.351391594717875,62376.86275436803,3.961437923946853,62376.86275436803,3.961437923946853,9562.776492219466,-0.3877448727139021,103.558332778797,-13.70138935100242,1440000,20,662773329.7843007,3.558332778797091
high_tau_baseline,A,teaching_model,0,60000.00000000007,0,60000.00000000007,0,9599.999999999998,0,120.0000000000001,0,1200000,0,640000000.0000005,0
high_tau_baseline,B,teaching_model,0,59999.99999999993,0,59999.99999999993,0,9600,0,119.9999999999999,0,1200000,0,639999999.9999993,0
high_tau_B_housing_plus20,A,teaching_model,2.351391594717875,57623.13724563197,-3.961437923946831,57623.13724563197,-3.961437923946831,9638.882099945768,0.4050218744350964,115.713047112425,-3.572460739645877,1200000,0,617136251.2662669,-3.572460739645866
high_tau_B_housing_plus20,B,teaching_model,2.351391594717875,62376.86275436803,3.961437923946853,62376.86275436803,3.961437923946853,9562.776492219466,-0.3877448727139021,103.558332778797,-13.70138935100242,1440000,20,662773329.7843007,3.558332778797091
sensitivity_00_baseline,A,teaching_model,0,60000.00000000004,0,60000.00000000004,0,9599.999999999998,0,120.0000000000001,0,1200000,0,640000000.0000002,0
sensitivity_00_baseline,B,teaching_model,0,59999.99999999996,0,59999.99999999996,0,9600,0,120,0,1200000,0,639999999.9999996,0
sensitivity_00_policy,A,teaching_model,2.325666542252264,58945.27565011461,-1.757873916475716,59185.54333736904,-1.357427771051656,9613.129530700255,0.1367659447943481,118.0198557010602,-1.650120249116582,1200000,0,632175882.7188911,-1.222518325173294
sensitivity_00_policy,B,teaching_model,2.325666542252264,61054.72434988539,1.757873916475727,60814.45666263095,1.357427771051656,9587.065068384958,-0.1347388709900255,101.6484618411516,-15.29294846570696,1440000,20,647813503.4701333,1.220859917208394
sensitivity_01_baseline,A,teaching_model,0,60000.00000000004,0,60000.00000000004,0,9599.999999999998,0,120,0,1200000,0,640000000.0000002,0
sensitivity_01_baseline,B,teaching_model,0,59999.99999999996,0,59999.99999999996,0,9600,0,120,0,1200000,0,639999999.9999996,0
sensitivity_01_policy,A,teaching_model,2.338553930635846,58279.95883392178,-2.866735276797094,58716.40929150309,-2.139317847494915,9620.782779899091,0.2164872906155413,116.7627574456166,-2.697702128652868,1200000,0,627664243.7879997,-1.927461908125072
sensitivity_01_policy,B,teaching_model,2.338553930635846,61720.04116607821,2.866735276797083,61283.59070849691,2.139317847494926,9579.700637632723,-0.2114516913258035,102.6935827529255,-14.42201437256202,1440000,20,652309392.2073452,1.923342532397743
sensitivity_02_baseline,A,teaching_model,0,59999.99999999993,0,59999.99999999993,0,9600,0,119.9999999999998,0,1200000,0,639999999.9999993,0
sensitivity_02_baseline,B,teaching_model,0,60000.00000000008,0,60000.00000000008,0,9599.999999999998,0,120.0000000000001,0,1200000,0,640000000.0000007,0
sensitivity_02_policy,A,teaching_model,2.354009251315706,57478.3143357247,-4.202809440458721,58236.74456289267,-2.938759061845442,9628.677683267228,0.2987258673669446,115.2338625372223,-3.971781218981318,1200000,0,623047603.020954,-2.648812027975822
sensitivity_02_policy,B,teaching_model,2.354009251315706,62521.6856642753,4.202809440458699,61763.25543710733,2.93875906184542,9572.234738066427,-0.2892214784746994,103.9640072519689,-13.36332729002606,1440000,20,656902643.5901654,2.64103806096323
sensitivity_03_baseline,A,teaching_model,0,59999.99999999993,0,59999.9999999999,0,9600.000000000002,0,119.9999999999999,0,1200000,0,639999999.999999,0
sensitivity_03_baseline,B,teaching_model,0,60000.00000000007,0,60000.00000000011,0,9599.999999999998,0,120.0000000000001,0,1200000,0,640000000.000001,0
sensitivity_03_policy,A,teaching_model,2.363079213466424,57004.52262778168,-4.992462287030419,58029.73438692787,-3.283776021786722,9632.107031640211,0.3344482462521725,114.318055302439,-4.734953914634088,1200000,0,621054014.0361575,-2.960310306850245
sensitivity_03_policy,B,teaching_model,2.363079213466424,62995.47737221832,4.99246228703043,61970.26561307213,3.283776021786688,9569.032339320891,-0.3225797987406964,104.7252470327478,-12.7289608060436,1440000,20,658883861.9197695,2.950603424963827
sensitivity_04_baseline,A,teaching_model,0,59999.99999999992,0,59999.99999999985,0,9600.000000000002,0,119.9999999999999,0,1200000,0,639999999.9999986,0
sensitivity_04_baseline,B,teaching_model,0,60000.00000000008,0,60000.00000000015,0,9599.999999999996,0,120.0000000000001,0,1200000,0,640000000.0000013,0
sensitivity_04_policy,A,teaching_model,2.369133779036809,56686.24908562589,-5.522918190623393,57942.61431271415,-3.428976145476181,9633.554295730319,0.3495239138574746,113.6947355003899,-5.254387083008338,1200000,0,620214801.1312139,-3.091437323247614
sensitivity_04_policy,B,teaching_model,2.369133779036809,63313.7509143741,5.52291819062336,62057.38568728585,3.42897614547617,9567.68812876674,-0.3365819920130853,105.2438025970078,-12.29683116916028,1440000,20,659717458.1583821,3.080852837246995
sensitivity_05_baseline,A,teaching_model,0,59999.99999999992,0,59999.99999999991,0,9600.000000000002,0,119.9999999999999,0,1200000,0,719999999.999999,0
sensitivity_05_baseline,B,teaching_model,0,60000.00000000008,0,60000.00000000009,0,9599.999999999996,0,120.0000000000001,0,1200000,0,720000000.0000008,0
sensitivity_05_policy,A,teaching_model,2.350871479429808,57621.04665519562,-3.964922241340507,58522.7017894931,-2.462163684178031,9647.984777260792,0.4998414297998854,115.7085557935712,-3.576203505357256,1200000,0,705782669.9865029,-1.974629168541131
sensitivity_05_policy,B,teaching_model,2.350871479429808,62378.95334480437,3.964922241340485,61477.2982105069,2.462163684177998,9553.412462114546,-0.4852868529734433,103.5665026113628,-13.69458115719775,1440000,20,734147483.5767361,1.964928274546551
sensitivity_06_baseline,A,teaching_model,0,59999.99999999993,0,59999.99999999992,0,9600.000000000004,0,119.9999999999999,0,1200000,0,677647058.8235286,0
sensitivity_06_baseline,B,teaching_model,0,60000.00000000008,0,60000.00000000008,0,9599.999999999998,0,120.0000000000001,0,1200000,0,677647058.8235303,0
sensitivity_06_policy,A,teaching_model,2.35232447853719,57555.97869973543,-4.07336883377416,58392.331949363,-2.679446751061532,9639.190151959454,0.4082307495776094,115.4919663527862,-3.756694706011354,1200000,0,662182107.1485263,-2.282154327040276
sensitivity_06_policy,B,teaching_model,2.35232447853719,62444.02130026456,4.073368833774138,61607.66805063699,2.679446751061509,9561.999244440627,-0.3958412037434522,103.7475395720162,-13.54371702331997,1440000,20,693049971.0022823,2.272999193045
sensitivity_07_baseline,A,teaching_model,0,59999.99999999993,0,59999.99999999993,0,9600,0,119.9999999999998,0,1200000,0,639999999.9999993,0
sensitivity_07_baseline,B,teaching_model,0,60000.00000000008,0,60000.00000000008,0,9599.999999999998,0,120.0000000000001,0,1200000,0,640000000.0000007,0
sensitivity_07_policy,A,teaching_model,2.354009251315706,57478.3143357247,-4.202809440458721,58236.74456289267,-2.938759061845442,9628.677683267228,0.2987258673669446,115.2338625372223,-3.971781218981318,1200000,0,623047603.020954,-2.648812027975822
sensitivity_07_policy,B,teaching_model,2.354009251315706,62521.6856642753,4.202809440458699,61763.25543710733,2.93875906184542,9572.234738066427,-0.2892214784746994,103.9640072519689,-13.36332729002606,1440000,20,656902643.5901654,2.64103806096323
sensitivity_08_baseline,A,teaching_model,0,59999.99999999993,0,59999.99999999993,0,9600,0,119.9999999999999,0,1200000,0,606315789.4736836,0
sensitivity_08_baseline,B,teaching_model,0,60000.00000000008,0,60000.00000000008,0,9600,0,120.0000000000001,0,1200000,0,606315789.473685,0
sensitivity_08_policy,A,teaching_model,2.355982686572799,57384.00684029149,-4.359988599514065,58047.8440781613,-3.253593203064375,9615.890093323524,0.1655218054533725,114.921060153804,-4.232449871829869,1200000,0,587559672.4315578,-3.093456803822836
sensitivity_08_policy,B,teaching_model,2.355982686572799,62615.99315970851,4.359988599514053,61952.1559218387,3.253593203064375,9584.643728949852,-0.1599611567723813,104.2274206289749,-13.14381614252106,1440000,20,625041413.4222894,3.088427560967721
sensitivity_09_baseline,A,teaching_model,0,59999.99999999993,0,59999.99999999991,0,9600,0,119.9999999999999,0,1200000,0,575999999.9999992,0
sensitivity_09_baseline,B,teaching_model,0,60000.00000000007,0,60000.00000000009,0,9600,0,120.0000000000001,0,1200000,0,576000000.000001,0
sensitivity_09_policy,A,teaching_model,2.358319520455703,57267.06900619932,-4.554884989667696,57813.65520495945,-3.643907991734108,9600,0,114.5341380123986,-4.554884989667696,1200000,0,555011089.9676107,-3.643907991734108
sensitivity_09_policy,B,teaching_model,2.358319520455703,62732.93099380068,4.554884989667696,62186.34479504055,3.643907991734086,9600,0,104.5548849896678,-12.87092917527691,1440000,20,596988910.0323893,3.643907991734086
sensitivity_10_baseline,A,teaching_model,0,59999.99999999993,0,59999.99999999988,0,9600.000000000002,0,119.9999999999999,0,1200000,0,639999999.9999988,0
sensitivity_10_baseline,B,teaching_model,0,60000.00000000008,0,60000.00000000012,0,9599.999999999998,0,120.0000000000001,0,1200000,0,640000000.000001,0
sensitivity_10_policy,A,teaching_model,2.358319520455521,57267.06900619929,-4.55488498966774,59999.99999999995,1.110223024625157e-13,9600,-2.220446049250313e-14,114.5341380123986,-4.554884989667729,1200000,0,639999999.9999995,1.110223024625157e-13
sensitivity_10_policy,B,teaching_model,2.358319520455521,62732.93099380071,4.554884989667718,60000.00000000005,-1.110223024625157e-13,9599.999999999998,0,104.5548849896679,-12.87092917527689,1440000,20,640000000.0000004,-8.881784197001252e-14
sensitivity_11_baseline,A,teaching_model,0,59999.99999999999,0,59999.99999999999,0,9600,0,120,0,1200000,0,639999999.9999999,0
sensitivity_11_baseline,B,teaching_model,0,60000.00000000001,0,60000.00000000001,0,9600,0,120,0,1200000,0,640000000.0000001,0
sensitivity_11_policy,A,teaching_model,2.356933579861558,57331.95266288488,-4.446745561858512,59062.14095751884,-1.563098404135255,9615.13617853936,0.1576685264516708,114.7491587981559,-4.375701001536736,1200000,0,630989475.891812,-1.407894391904363
sensitivity_11_policy,B,teaching_model,2.356933579861558,62668.04733711511,4.446745561858489,60937.85904248116,1.563098404135244,9585.121865676289,-0.1549805658719983,104.3735019491438,-13.02208170904685,1440000,20,648996450.172873,1.405695339511381
sensitivity_12_baseline,A,teaching_model,0,59999.99999999993,0,59999.99999999993,0,9600,0,119.9999999999998,0,1200000,0,639999999.9999993,0
sensitivity_12_baseline,B,teaching_model,0,60000.00000000008,0,60000.00000000008,0,9599.999999999998,0,120.0000000000001,0,1200000,0,640000000.0000007,0
sensitivity_12_policy,A,teaching_model,2.354009251315706,57478.3143357247,-4.202809440458721,58236.74456289267,-2.938759061845442,9628.677683267228,0.2987258673669446,115.2338625372223,-3.971781218981318,1200000,0,623047603.020954,-2.648812027975822
sensitivity_12_policy,B,teaching_model,2.354009251315706,62521.6856642753,4.202809440458699,61763.25543710733,2.93875906184542,9572.234738066427,-0.2892214784746994,103.9640072519689,-13.36332729002606,1440000,20,656902643.5901654,2.64103806096323
sensitivity_13_baseline,A,teaching_model,0,60000.00000000007,0,60000.00000000009,0,9599.999999999998,0,120.0000000000001,0,1200000,0,640000000.0000008,0
sensitivity_13_baseline,B,teaching_model,0,59999.99999999993,0,59999.99999999991,0,9600.000000000002,0,119.9999999999999,0,1200000,0,639999999.999999,0
sensitivity_13_policy,A,teaching_model,2.351914722927656,57592.94017361772,-4.011766377303894,57743.37671148547,-3.761038814191031,9636.873105081402,0.3840948445979597,115.6131652629941,-3.65569561417165,1200000,0,618295104.4749979,-3.391389925781707
sensitivity_13_policy,B,teaching_model,2.351914722927656,62407.05982638227,4.011766377303916,62256.62328851452,3.761038814191031,9564.62179794988,-0.3685229380221089,103.6429612738206,-13.63086560514943,1440000,20,661623395.7467556,3.378655585430712
sensitivity_14_baseline,A,teaching_model,0,59999.99999999993,0,59999.99999999993,0,9600,0,119.9999999999999,0,1200000,0,639999999.9999993,0
sensitivity_14_baseline,B,teaching_model,0,60000.00000000008,0,60000.00000000007,0,9599.999999999998,0,120.0000000000001,0,1200000,0,640000000.0000005,0
sensitivity_14_policy,A,teaching_model,2.351401561617519,57622.55539217032,-3.962407679716007,57625.42529752971,-3.95762450411703,9638.843827505378,0.4046232031810204,115.7111226952418,-3.574064420631751,1200000,0,617158305.4849628,-3.569014767974454
sensitivity_14_policy,B,teaching_model,2.351401561617519,62377.44460782967,3.962407679715985,62374.5747024703,3.957624504117052,9562.811570242578,-0.3873794766397931,103.5599636550432,-13.70003028746409,1440000,20,662751449.6152701,3.554914002385878
sensitivity_15_baseline,A,teaching_model,0,60000.00000000005,0,60000.00000000004,0,9599.999999999998,0,120.0000000000001,0,1200000,0,640000000.0000002,0
sensitivity_15_baseline,B,teaching_model,0,59999.99999999996,0,59999.99999999996,0,9600,0,119.9999999999999,0,1200000,0,639999999.9999995,0
sensitivity_15_policy,A,teaching_model,2.353473968127496,57506.18239694446,-4.156362671759317,58251.11362690785,-2.914810621820307,9628.440141977973,0.2962514789372372,115.287383643322,-3.927180297231692,1200000,0,623185956.4002663,-2.627194312458425
sensitivity_15_policy,B,teaching_model,2.353473968127496,62493.81760305555,4.156362671759317,61748.88637309216,2.91481062182033,9572.457462168668,-0.2869014357430477,103.9195325373273,-13.40038955222718,1440000,20,656765097.9363457,2.619546552554097
sensitivity_16_baseline,A,teaching_model,0,60000.00000000003,0,60000.00000000003,0,9599.999999999998,0,120,0,1200000,0,640000000.0000001,0
sensitivity_16_baseline,B,teaching_model,0,59999.99999999997,0,59999.99999999997,0,9600,0,120,0,1200000,0,639999999.9999998,0
sensitivity_16_policy,A,teaching_model,2.353512218875744,57504.17294833367,-4.159711752777262,58260.55906050567,-2.899068232490598,9628.284030486582,0.2946253175685865,115.2807002319791,-3.932749806684122,1200000,0,623276900.4549856,-2.612984303908517
sensitivity_16_policy,B,teaching_model,2.353512218875744,62495.82705166634,4.159711752777273,61739.44093949432,2.899068232490576,9572.603899819986,-0.2853760435418184,103.9251844455029,-13.39567962874757,1440000,20,656674681.2334546,2.605418942727322
