axis,theta,beta,tau,calibration_target,baseline_OD_relative_error,baseline_cross_commuters,residents_B_change_pct,employment_B_change_pct,wage_B_change_pct,rent_B_change_pct,welfare_change_pct
theta,1,0.9,2.19722457733622,full_OD_baseline,1.212659602363904e-15,11999.99999999999,1.757873916475727,1.357427771051656,-0.1347388709900255,-15.29294846570696,2.325666542252264
theta,2,0.9,1.09861228866811,full_OD_baseline,1.212659602363904e-15,11999.99999999999,2.866735276797083,2.139317847494926,-0.2114516913258035,-14.42201437256202,2.338553930635846
theta,4,0.9,0.5493061443340549,full_OD_baseline,4.092726157978177e-15,12000.00000000003,4.202809440458699,2.93875906184542,-0.2892214784746994,-13.36332729002606,2.354009251315706
theta,6,0.9,0.3662040962227033,full_OD_baseline,2.964279028000655e-15,12000.00000000001,4.99246228703043,3.283776021786688,-0.3225797987406964,-12.7289608060436,2.363079213466424
theta,8,0.9,0.2746530721670274,full_OD_baseline,2.964279028000655e-15,12000.00000000001,5.52291819062336,3.42897614547617,-0.3365819920130853,-12.29683116916028,2.369133779036809
beta,4,0.8,0.5493061443340549,full_OD_baseline,4.092726157978177e-15,12000.00000000005,3.964922241340485,2.462163684177998,-0.4852868529734433,-13.69458115719775,2.350871479429808
beta,4,0.85,0.5493061443340549,full_OD_baseline,4.092726157978177e-15,12000.00000000003,4.073368833774138,2.679446751061509,-0.3958412037434522,-13.54371702331997,2.35232447853719
beta,4,0.9,0.5493061443340549,full_OD_baseline,4.092726157978177e-15,12000.00000000003,4.202809440458699,2.93875906184542,-0.2892214784746994,-13.36332729002606,2.354009251315706
beta,4,0.95,0.5493061443340549,full_OD_baseline,4.092726157978177e-15,12000.00000000003,4.359988599514053,3.253593203064375,-0.1599611567723813,-13.14381614252106,2.355982686572799
beta,4,1,0.5493061443340549,full_OD_baseline,4.092726157978177e-15,12000.00000000005,4.554884989667696,3.643907991734086,0,-12.87092917527691,2.358319520455703
tau,4,0.9,0,aggregate_only_OD_changes,4.000000000000016,60000.00000000009,4.554884989667718,-1.110223024625157e-13,0,-12.87092917527689,2.358319520455521
tau,4,0.9,0.25,aggregate_only_OD_changes,1.689414213699952,32272.97056439942,4.446745561858489,1.563098404135244,-0.1549805658719983,-13.02208170904685,2.356933579861558
tau,4,0.9,0.5493061443340549,aggregate_only_OD_changes,4.092726157978177e-15,12000.00000000003,4.202809440458699,2.93875906184542,-0.2892214784746994,-13.36332729002606,2.354009251315706
tau,4,0.9,1,aggregate_only_OD_changes,0.820137900379085,2158.34519545098,4.011766377303916,3.761038814191031,-0.3685229380221089,-13.63086560514943,2.351914722927656
tau,4,0.9,2,aggregate_only_OD_changes,0.9966464986953353,40.24201565597743,3.962407679715985,3.957624504117052,-0.3873794766397931,-13.70003028746409,2.351401561617519
estimated_theta,3.90716902585585,0.9,0.5623571856748445,full_OD_baseline,3.031649005909761e-15,11999.99999999996,4.156362671759317,2.91481062182033,-0.2869014357430477,-13.40038955222718,2.353473968127496
estimated_joint,3.90716902585585,0.9,0.5574780160911108,aggregate_only_OD_changes,0.01728867739132754,12207.46412869593,4.159711752777273,2.899068232490576,-0.2853760435418184,-13.39567962874757,2.353512218875744
