theta,alpha,beta,B_workers_change_pct,B_rent_change_pct,worker_ex_ante_welfare_change_pct
0.5,0.25,0.8,1.1416436052513523,-15.906435886750469,1.8505304090235395
0.75,0.25,0.8,1.581851245851662,-15.613756874073758,1.8546118094097643
1.0,0.25,0.8,1.9596522765369162,-15.36277211921343,1.8581133011458286
1.25,0.25,0.8,2.287432955839419,-15.14516807514601,1.8611502533899618
1.5,0.25,0.8,2.574506433967305,-14.954702896058425,1.8638093419782786
1.75,0.25,0.8,2.8280098129522147,-14.786599159421543,1.8661569460078749
2.0,0.25,0.8,3.053504414619135,-14.637138312277676,1.8682447593927072
2.25,0.25,0.8,3.255387794348863,-14.503382786168261,1.8701136384874577
2.5,0.25,0.8,3.4371829402013443,-14.38298124029217,1.8717963003736502
2.75,0.25,0.8,3.601745336043405,-14.274029304623358,1.8733192533180052
3.0,0.25,0.8,3.7514138681211895,-14.174968211280703,1.8747042027322989
3.25,0.25,0.8,3.888122571311192,-14.084509811426427,1.875969091678098
3.5,0.25,0.8,4.013484577132798,-14.001580299497219,1.8771288821269303
3.75,0.25,0.8,4.1288560086412796,-13.925277417823578,1.8781961493234787
3.9242201478041903,0.25,0.8,4.203966609065746,-13.875610817173879,1.8788909268751917
4.0,0.25,0.8,4.235385195892172,-13.854837519485608,1.8791815394101428
4.25,0.25,0.8,4.334051000889638,-13.789609938286262,1.880094125653102
4.5,0.25,0.8,4.425692963149497,-13.729036842237596,1.8809416885509527
4.75,0.25,0.8,4.511035232271343,-13.672637249109842,1.881730938145096
5.0,0.25,0.8,4.590705731639,-13.619994234391907,1.8824676919805237
5.25,0.25,0.8,4.665251626128852,-13.570744611842823,1.8831570187113449
5.5,0.25,0.8,4.7351518994596775,-13.52457054650682,1.8838033548430289
5.75,0.25,0.8,4.800827652226292,-13.481192690801368,1.8844106002962182
6.0,0.25,0.8,4.8626505883367255,-13.440364530507765,1.8849821971473928
6.25,0.25,0.8,4.920950051051665,-13.401867698958602,1.8855211948964927
6.5,0.25,0.8,4.976018889776501,-13.365508071385058,1.886030304881133
6.75,0.25,0.8,5.028118378179447,-13.331112491978669,1.8865119458842612
7.0,0.25,0.8,5.077482357887497,-13.298526017240953,1.8869682825563394
7.25,0.25,0.8,5.124320746387889,-13.26760958303984,1.8874012579332897
7.5,0.25,0.8,5.168822520087613,-13.238238021305794,1.8878126210908712
7.75,0.25,0.8,5.211158261928195,-13.210298366713468,1.8882039507551278
8.0,0.25,0.8,5.251482345932512,-13.183688405072068,1.888576675548903
0.5,0.25,0.9,1.1785408290169164,-15.783279667363214,1.850872566953913
0.75,0.25,0.9,1.6535805852950114,-15.427500437431373,1.85527669434173
1.0,0.25,0.9,2.070937488364444,-15.115059762297223,1.8591444777826822
1.25,0.25,0.9,2.440508189697277,-14.838499319939691,1.8625682310136467
1.5,0.25,0.9,2.7700494966504285,-14.591978176643217,1.8656202397836485
1.75,0.25,0.9,3.065726673519631,-14.370857173385087,1.868357912146526
2.0,0.25,0.9,3.3325014718962542,-14.171405134536741,1.8708274176553075
2.25,0.25,0.9,3.5744119763091,-13.990587201410865,1.8730663084545656
2.5,0.25,0.9,3.7947778740758276,-13.825909712525618,1.875105439679162
2.75,0.25,0.9,3.996353338420633,-13.675304765172525,1.876970398323451
3.0,0.25,0.9,4.181442479634523,-13.537043104467838,1.87868258132607
3.25,0.25,0.9,4.3519876331801655,-13.40966755162112,1.8802600193636183
3.5,0.25,0.9,4.509637656682397,-13.29194153702572,1.8817180136800191
3.75,0.25,0.9,4.655801323007869,-13.182808886681553,1.8830696336358175
3.9242201478041903,0.25,0.9,4.751519015077688,-13.111349826997664,1.8839546896205717
4.0,0.25,0.9,4.791689469504723,-13.081362093057347,1.8843261092673214
4.25,0.25,0.9,4.918348571356845,-12.986817053464517,1.885497143814601
4.5,0.25,0.9,5.0366877074368155,-12.898492788837801,1.8865911646315257
4.75,0.25,0.9,5.147500387229109,-12.815795034083632,1.8876155261940628
5.0,0.25,0.9,5.251482345932268,-12.738202864538618,1.888576675548903
5.25,0.25,0.9,5.3492461504753175,-12.66525772290944,1.8894802880614892
5.5,0.25,0.9,5.441333263731418,-12.596554358716416,1.890331379510373
5.75,0.25,0.9,5.528224068349963,-12.53173330239441,1.891134399192091
6.0,0.25,0.9,5.610346241681863,-12.470474579176383,1.8918933076900828
6.25,0.25,0.9,5.688081789753641,-12.412492430886314,1.8926116421784636
6.5,0.25,0.9,5.761772984219804,-12.35753086204221,1.893292571523
6.75,0.25,0.9,5.831727396822206,-12.305359863904087,1.8939389430002724
7.0,0.25,0.9,5.898222187422486,-12.255772199078386,1.8945533220805924
7.25,0.25,0.9,5.961507771595187,-12.208580651944379,1.8951380264471889
7.5,0.25,0.9,6.021810970030805,-12.163615668039274,1.8956951552042873
7.75,0.25,0.9,6.079337723187295,-12.12072331969727,1.8962266140512658
8.0,0.25,0.9,6.134275439633097,-12.079763546519617,1.8967341370528776
0.5,0.25,1.0,1.2179026159964579,-15.651747820002948,1.8512375664072953
0.75,0.25,1.0,1.7321236046747401,-15.223230329437708,1.8560046882934298
1.0,0.25,1.0,2.195621586545493,-14.836982011212086,1.860299690289827
1.25,0.25,1.0,2.615536969150445,-14.487052525707966,1.864189344689757
1.5,0.25,1.0,2.9977319695401183,-14.168556692049904,1.867728408118328
1.75,0.25,1.0,3.3470639774339395,-13.877446685471728,1.8709622061609668
2.0,0.25,1.0,3.6675917308756967,-13.610340224270235,1.873928578762914
2.25,0.25,1.0,3.962732788296508,-13.364389343086247,1.8766593634323672
2.5,0.25,1.0,4.235385195892261,-13.137179003423116,1.8791815394101428
2.75,0.25,1.0,4.48802249148077,-12.926647923766033,1.881518119863149
3.0,0.25,1.0,4.722768615306472,-12.731026153911284,1.883688854511429
3.25,0.25,1.0,4.941457512461689,-12.548785406281926,1.8857107880618234
3.5,0.25,1.0,5.145680953420584,-12.378599205482853,1.8875987078079814
3.75,0.25,1.0,5.336827201070693,-12.219310665774419,1.8893655052334737
3.9242201478041903,0.25,1.0,5.462953858410047,-12.114205117991617,1.8905311949700923
4.0,0.25,1.0,5.516112503690018,-12.069906246925,1.8910224702910932
4.25,0.25,1.0,5.684606919111723,-11.929494234073557,1.892579532528944
4.5,0.25,1.0,5.8432556251087675,-11.797286979076027,1.8940454599461032
4.75,0.25,1.0,5.992896609845433,-11.67258615846215,1.8954280239608337
5.0,0.25,1.0,6.134275439632719,-11.554770466972752,1.8967341370528776
5.25,0.25,1.0,6.268057651935011,-11.44328529005415,1.8979699682092157
5.5,0.25,1.0,6.394839207292913,-11.337633993922559,1.899141040244747
5.75,0.25,1.0,6.51515534567233,-11.237370545273073,1.9002523122254165
6.0,0.25,1.0,6.629488124225036,-11.142093229812478,1.9013082495967886
6.25,0.25,1.0,6.738272859866812,-11.05143928344432,1.9023128840969314
6.5,0.25,1.0,6.841903657837034,-10.965080285135809,1.9032698651533115
6.75,0.25,1.0,6.940738173983729,-10.882718188346896,1.9041825041396665
7.0,0.25,1.0,7.035101731829241,-10.804081890142303,1.9050538126273509
7.25,0.25,1.0,7.12529089412639,-10.728924254894668,1.905886535556681
7.5,0.25,1.0,7.211576571363976,-10.657019523863354,1.906683180101594
7.75,0.25,1.0,7.29420673577732,-10.588161053518908,1.907446040863554
8.0,0.25,1.0,7.373408798030723,-10.5221593349744,1.9081772219290274
