scenario,home_region,work_region,workers,data_nature
baseline,A,A,47608.358358684512,教学构造；非真实城市或交通项目评估
baseline,A,B,2391.6416413154539,教学构造；非真实城市或交通项目评估
baseline,B,A,13809.168776733968,教学构造；非真实城市或交通项目评估
baseline,B,B,56190.83122326577,教学构造；非真实城市或交通项目评估
policy25,A,A,44504.199005500588,教学构造；非真实城市或交通项目评估
policy25,A,B,4067.9234570158683,教学构造；非真实城市或交通项目评估
policy25,B,A,20596.598055005168,教学构造；非真实城市或交通项目评估
policy25,B,B,50831.279482478436,教学构造；非真实城市或交通项目评估
zero_shock,A,A,47608.358358684512,教学构造；非真实城市或交通项目评估
zero_shock,A,B,2391.6416413154539,教学构造；非真实城市或交通项目评估
zero_shock,B,A,13809.168776733968,教学构造；非真实城市或交通项目评估
zero_shock,B,B,56190.83122326577,教学构造；非真实城市或交通项目评估
symmetric_baseline,A,A,54000.00000000016,教学构造；非真实城市或交通项目评估
symmetric_baseline,A,B,6000.0000000000246,教学构造；非真实城市或交通项目评估
symmetric_baseline,B,A,6000.0000000000246,教学构造；非真实城市或交通项目评估
symmetric_baseline,B,B,54000.00000000016,教学构造；非真实城市或交通项目评估
symmetric_policy,A,A,50316.571332215477,教学构造；非真实城市或交通项目评估
symmetric_policy,A,B,9683.4286677845357,教学构造；非真实城市或交通项目评估
symmetric_policy,B,A,9683.4286677845357,教学构造；非真实城市或交通项目评估
symmetric_policy,B,B,50316.571332215477,教学构造；非真实城市或交通项目评估
tau20,A,A,53000.543420597423,教学构造；非真实城市或交通项目评估
tau20,A,B,3.8641230357562708e-31,教学构造；非真实城市或交通项目评估
tau20,B,A,2.9935295673762051e-30,教学构造；非真实城市或交通项目评估
tau20,B,B,66999.456579402642,教学构造；非真实城市或交通项目评估
tau0,A,A,27717.913684708485,教学构造；非真实城市或交通项目评估
tau0,A,B,15511.372343355644,教学构造；非真实城市或交通项目评估
tau0,B,A,49224.130650830972,教学构造；非真实城市或交通项目评估
tau0,B,B,27546.583321105209,教学构造；非真实城市或交通项目评估
