scenario,region,R,E,w,r,data_nature
baseline,A,49999.999999999818,61417.527135418364,10000,139.99999999999949,教学构造；非真实城市或交通项目评估
baseline,B,70000.000000000175,58582.472864581643,8199.9999999999982,100.00000000000024,教学构造；非真实城市或交通项目评估
policy25,A,48572.12246251641,65100.797060505647,9941.9277349390377,134.44648080010677,教学构造；非真实城市或交通项目评估
policy25,B,71427.877537483597,54899.202939494353,8253.4213763894986,104.24899022701777,教学构造；非真实城市或交通项目评估
zero_shock,A,49999.999999999818,61417.527135418364,10000,139.99999999999949,教学构造；非真实城市或交通项目评估
zero_shock,B,70000.000000000175,58582.472864581643,8199.9999999999982,100.00000000000024,教学构造；非真实城市或交通项目评估
symmetric_baseline,A,60000,60000,9600,120.00000000000003,教学构造；非真实城市或交通项目评估
symmetric_baseline,B,60000,60000,9600,120.00000000000003,教学构造；非真实城市或交通项目评估
symmetric_policy,A,60000,60000,9600,120.00000000000003,教学构造；非真实城市或交通项目评估
symmetric_policy,B,60000,60000,9600,120.00000000000003,教学构造；非真实城市或交通项目评估
tau20,A,53000.543420597394,53000.543420597394,10148.484678532754,151.91301416613078,教学构造；非真实城市或交通项目评估
tau20,B,66999.456579402598,66999.456579402598,8090.6514956200081,90.517386075280385,教学构造；非真实城市或交通项目评估
tau0,A,43229.28602806406,76942.044335539351,9777.163110921234,113.58636950529701,教学构造；非真实城市或交通项目评估
tau0,B,76770.713971935926,43057.955664460664,8456.3954089502331,119.26348809198142,教学构造；非真实城市或交通项目评估
