axis,value,theta,beta,reduction,tau0,baseline_cross_share,cross_workers,cross_share,net_B_to_A,welfare_pct,data_nature,R_A_pct,R_B_pct,E_A_pct,E_B_pct,w_A_pct,w_B_pct,r_A_pct,r_B_pct
reduction,0,4,0.90000000000000002,0,0.54930614433405489,0.13500675348374552,16200.810418049423,0.13500675348374552,11417.527135418513,0,教学构造；非真实城市或交通项目评估,0,0,0,0,0,0,0,0
reduction,0.10000000000000001,4,0.90000000000000002,0.10000000000000001,0.54930614433405489,0.13500675348374552,19262.676093989205,0.16052230078324328,13333.127853207849,0.73562664311930459,教学构造；非真实城市或交通项目评估,-1.0574963636287738,0.75535454544914948,2.2580728998043975,-2.3673506223964358,-0.22304646470523437,0.23986948961407517,-1.4722995258767746,1.5894656776771932
reduction,0.25,4,0.90000000000000002,0.25,0.54930614433405489,0.13500675348374552,24664.521512021038,0.20553767926684188,16528.674597989298,2.1376368970321078,教学构造；非真实城市或交通项目评估,-2.8557550749668259,2.0398250535477391,5.9970990316267736,-6.2873240834361521,-0.58072265060962192,0.6514801998719566,-3.966799428494816,4.2489902270175239
reduction,0.5,4,0.90000000000000002,0.5,0.54930614433405489,0.13500675348374552,35891.240958933791,0.29909367465778125,22445.676714812536,5.5047519913582885,教学构造；非真实城市或交通项目评估,-6.3094026304054029,4.5067161645752751,12.819546197018239,-13.439938396576935,-1.1989488375956148,1.4537826983751057,-8.7457251862221526,9.2278753757902834
theta,2,2,0.90000000000000002,0.25,0.54930614433405489,0.26962578619971289,39053.219841095997,0.32544349867580019,16399.84543024662,4.0759310491981315,教学构造；非真实城市或交通项目评估,-1.3977932055637909,0.99842371825991094,2.5847338752305049,-2.958489598936509,-0.25486409895684181,0.3007649604145346,-2.3963552327735727,2.3111749429763462
theta,4,4,0.90000000000000002,0.25,0.54930614433405489,0.13500675348374552,24664.521512021038,0.20553767926684188,16528.674597989298,2.1376368970321078,教学构造；非真实城市或交通项目评估,-2.8557550749668259,2.0398250535477391,5.9970990316267736,-6.2873240834361521,-0.58072265060962192,0.6514801998719566,-3.966799428494816,4.2489902270175239
theta,6,6,0.90000000000000002,0.25,0.54930614433405489,0.067988695863725981,15799.330694814638,0.13166108912345498,13150.492867357854,1.0918407921058118,教学构造；非真实城市或交通项目评估,-3.1203507225794014,2.2288219446995772,7.9675166434381772,-7.2196087726074554,-0.76367134000665526,0.75216334299490484,-4.1082368493259747,4.6930460084172232
beta,0.80000000000000004,4,0.80000000000000004,0.25,0.54930614433405489,0.13500675348374563,24379.061177478041,0.20315884314565019,16051.218347412156,2.1534745286913388,教学构造；非真实城市或交通项目评估,-3.2999822358111275,2.3571301684365276,4.8580596341975202,-5.0931617396642643,-0.94426231147557438,1.0509728357236625,-4.7415230220582139,4.6061918165974935
beta,0.90000000000000002,4,0.90000000000000002,0.25,0.54930614433405489,0.13500675348374552,24664.521512021038,0.20553767926684188,16528.674597989298,2.1376368970321078,教学构造；非真实城市或交通项目评估,-2.8557550749668259,2.0398250535477391,5.9970990316267736,-6.2873240834361521,-0.58072265060962192,0.6514801998719566,-3.966799428494816,4.2489902270175239
beta,1,4,1,0.25,0.54930614433405489,0.13500675348374563,25135.786693336438,0.2094648891111365,17302.291584582275,2.1093909174164636,教学构造；非真实城市或交通项目评估,-2.1375830636090942,1.5268450454350546,7.8413657175425922,-8.2208426545798083,0,0,-2.7099536490867604,3.6906766600390384
