scenario,test,error,threshold,passed
special,fixed_od_recomputed,5.8943478964208864e-15,1e-08,True
special,baseline_M,4.4025431462171865e-15,1e-08,True
special,baseline_R,3.637978807091713e-15,1e-08,True
special,baseline_E,3.1050061812013474e-15,1e-08,True
special,baseline_w,2.2182797604217762e-16,1e-08,True
special,baseline_r,3.6542197839090863e-15,1e-08,True
special,calibration_H,1.3151751439654206e-16,1e-08,True
special,calibration_Z,1.0656192047393512e-15,1e-08,True
special,calibration_B,3.6103069313512326e-15,1e-08,True
special,policy_fixed_N,0,1e-08,True
special,policy_fixed_alpha,0,1e-08,True
special,policy_fixed_theta,0,1e-08,True
special,policy_fixed_beta,0,1e-08,True
special,policy_fixed_H,0,1e-08,True
special,policy_fixed_Z,0,1e-08,True
special,policy_fixed_B,0,1e-08,True
special,zero_R,0,1e-08,True
special,zero_E,0,1e-08,True
special,zero_w,0,1e-08,True
special,zero_r,0,1e-08,True
special,zero_M,0,1e-08,True
special,symmetric_R,0,1e-08,True
special,symmetric_E,1.2126596023639044e-16,1e-08,True
special,symmetric_w,0,1e-08,True
special,symmetric_r,2.3684757858670006e-16,1e-08,True
special,symmetric_cross_increase,0,1e-08,True
special,tau20_cross_share,2.8166182257931922e-35,9.9999999999999998e-13,True
special,tau20_local_R,0,1e-08,True
special,tau20_local_E,0,1e-08,True
special,tau20_local_w,0,1e-08,True
special,tau20_local_r,0,1e-08,True
special,tau20_local_M,2.9935295673762051e-30,1e-08,True
special,tau0_separability,1.1657341758564144e-15,1e-08,True
special,mirror_R,4.4939096205637432e-16,1e-08,True
special,mirror_E,1.3253302825183861e-16,1e-08,True
special,mirror_w,0,1e-08,True
special,mirror_r,4.227958851918337e-16,1e-08,True
special,mirror_M,0,1e-08,True
special,baseline_start0,0,1e-08,True
special,baseline_start1,7.1217609718219506e-15,1e-08,True
special,baseline_start2,7.1217609718219506e-15,1e-08,True
special,baseline_start3,7.1217609718219506e-15,1e-08,True
special,baseline_start4,7.1217609718219506e-15,1e-08,True
special,policy25_start0,0,1e-08,True
special,policy25_start1,0,1e-08,True
special,policy25_start2,0,1e-08,True
special,policy25_start3,0,1e-08,True
special,policy25_start4,0,1e-08,True
baseline,total_population,2.4424906541753444e-15,1e-08,True
baseline,row_residents,6.2365350978714926e-15,1e-08,True
baseline,column_employment,7.2036143403871046e-15,1e-08,True
baseline,wage_marginal_product,6.6548392812653256e-16,1e-08,True
baseline,housing_clearing,6.1709073085728879e-15,1e-08,True
baseline,joint_choice,2.5981000753947375e-15,1e-08,True
baseline,goods_resource,1.5543122344752192e-15,1e-08,True
baseline,log_ratio_residual,9.2148511043887993e-15,1e-08,True
policy25,total_population,4.4408920985006262e-16,1e-08,True
policy25,row_residents,8.9878192411274865e-16,1e-08,True
policy25,column_employment,1.6764674034837952e-15,1e-08,True
policy25,wage_marginal_product,1.8296143887199665e-16,1e-08,True
policy25,housing_clearing,8.7648030798592672e-16,1e-08,True
policy25,joint_choice,7.0652032872150016e-16,1e-08,True
policy25,goods_resource,6.6613381477509392e-16,1e-08,True
policy25,log_ratio_residual,2.4702462297909733e-15,1e-08,True
zero_shock,total_population,2.4424906541753444e-15,1e-08,True
zero_shock,row_residents,6.2365350978714926e-15,1e-08,True
zero_shock,column_employment,7.2036143403871046e-15,1e-08,True
zero_shock,wage_marginal_product,6.6548392812653256e-16,1e-08,True
zero_shock,housing_clearing,6.1709073085728879e-15,1e-08,True
zero_shock,joint_choice,2.5981000753947375e-15,1e-08,True
zero_shock,goods_resource,1.5543122344752192e-15,1e-08,True
zero_shock,log_ratio_residual,9.2148511043887993e-15,1e-08,True
symmetric_baseline,total_population,3.1086244689504383e-15,1e-08,True
symmetric_baseline,row_residents,3.031649005909761e-15,1e-08,True
symmetric_baseline,column_employment,3.031649005909761e-15,1e-08,True
symmetric_baseline,wage_marginal_product,3.7895612573872022e-16,1e-08,True
symmetric_baseline,housing_clearing,3.1044085820515856e-15,1e-08,True
symmetric_baseline,joint_choice,3.0990189838188672e-15,1e-08,True
symmetric_baseline,goods_resource,1.9984014443252818e-15,1e-08,True
symmetric_baseline,log_ratio_residual,0,1e-08,True
symmetric_policy,total_population,2.2204460492503131e-16,1e-08,True
symmetric_policy,row_residents,2.4253192047278088e-16,1e-08,True
symmetric_policy,column_employment,2.4253192047278088e-16,1e-08,True
symmetric_policy,wage_marginal_product,0,1e-08,True
symmetric_policy,housing_clearing,2.0696057213677295e-16,1e-08,True
symmetric_policy,joint_choice,2.8920721033012653e-16,1e-08,True
symmetric_policy,goods_resource,2.2204460492503131e-16,1e-08,True
symmetric_policy,log_ratio_residual,0,1e-08,True
tau20,total_population,4.4408920985006262e-16,1e-08,True
tau20,row_residents,6.5158357864236e-16,1e-08,True
tau20,column_employment,6.5158357864236e-16,1e-08,True
tau20,wage_marginal_product,1.7923753754031804e-16,1e-08,True
tau20,housing_clearing,6.6489004652416105e-16,1e-08,True
tau20,joint_choice,6.5158357864236e-16,1e-08,True
tau20,goods_resource,4.4408920985006262e-16,1e-08,True
tau20,log_ratio_residual,2.7755575615628914e-17,1e-08,True
tau0,total_population,2.4424906541753444e-15,1e-08,True
tau0,row_residents,3.222355844869033e-15,1e-08,True
tau0,column_employment,4.3934946527178241e-15,1e-08,True
tau0,wage_marginal_product,6.453066521536975e-16,1e-08,True
tau0,housing_clearing,3.5050895413346138e-15,1e-08,True
tau0,joint_choice,2.7733949455137364e-15,1e-08,True
tau0,goods_resource,1.3322676295501878e-15,1e-08,True
tau0,log_ratio_residual,3.1086244689504383e-15,1e-08,True
mirror,total_population,6.6613381477509392e-16,1e-08,True
mirror,row_residents,1.3481728861691235e-15,1e-08,True
mirror,column_employment,1.6764674034837952e-15,1e-08,True
mirror,wage_marginal_product,1.8296143887199665e-16,1e-08,True
mirror,housing_clearing,1.3773261982635991e-15,1e-08,True
mirror,joint_choice,7.0652032872150016e-16,1e-08,True
mirror,goods_resource,4.4408920985006262e-16,1e-08,True
mirror,log_ratio_residual,2.6090241078691179e-15,1e-08,True
special,reduction0.0_baseline_R,3.637978807091713e-15,1e-08,True
special,reduction0.0_baseline_E,3.1050061812013474e-15,1e-08,True
special,reduction0.0_baseline_w,2.2182797604217762e-16,1e-08,True
special,reduction0.0_baseline_r,3.6542197839090863e-15,1e-08,True
special,reduction0.0_baseline_M,4.4025431462171865e-15,1e-08,True
reduction0.0_base,total_population,2.4424906541753444e-15,1e-08,True
reduction0.0_base,row_residents,6.2365350978714926e-15,1e-08,True
reduction0.0_base,column_employment,7.2036143403871046e-15,1e-08,True
reduction0.0_base,wage_marginal_product,6.6548392812653256e-16,1e-08,True
reduction0.0_base,housing_clearing,6.1709073085728879e-15,1e-08,True
reduction0.0_base,joint_choice,2.5981000753947375e-15,1e-08,True
reduction0.0_base,goods_resource,1.5543122344752192e-15,1e-08,True
reduction0.0_base,log_ratio_residual,9.2148511043887993e-15,1e-08,True
reduction0.0_policy,total_population,2.4424906541753444e-15,1e-08,True
reduction0.0_policy,row_residents,6.2365350978714926e-15,1e-08,True
reduction0.0_policy,column_employment,7.2036143403871046e-15,1e-08,True
reduction0.0_policy,wage_marginal_product,6.6548392812653256e-16,1e-08,True
reduction0.0_policy,housing_clearing,6.1709073085728879e-15,1e-08,True
reduction0.0_policy,joint_choice,2.5981000753947375e-15,1e-08,True
reduction0.0_policy,goods_resource,1.5543122344752192e-15,1e-08,True
reduction0.0_policy,log_ratio_residual,9.2148511043887993e-15,1e-08,True
special,reduction0.1_baseline_R,3.637978807091713e-15,1e-08,True
special,reduction0.1_baseline_E,3.1050061812013474e-15,1e-08,True
special,reduction0.1_baseline_w,2.2182797604217762e-16,1e-08,True
special,reduction0.1_baseline_r,3.6542197839090863e-15,1e-08,True
special,reduction0.1_baseline_M,4.4025431462171865e-15,1e-08,True
reduction0.1_base,total_population,2.4424906541753444e-15,1e-08,True
reduction0.1_base,row_residents,6.2365350978714926e-15,1e-08,True
reduction0.1_base,column_employment,7.2036143403871046e-15,1e-08,True
reduction0.1_base,wage_marginal_product,6.6548392812653256e-16,1e-08,True
reduction0.1_base,housing_clearing,6.1709073085728879e-15,1e-08,True
reduction0.1_base,joint_choice,2.5981000753947375e-15,1e-08,True
reduction0.1_base,goods_resource,1.5543122344752192e-15,1e-08,True
reduction0.1_base,log_ratio_residual,9.2148511043887993e-15,1e-08,True
reduction0.1_policy,total_population,4.4408920985006262e-16,1e-08,True
reduction0.1_policy,row_residents,4.412233780291454e-16,1e-08,True
reduction0.1_policy,column_employment,8.1095782755550165e-16,1e-08,True
reduction0.1_policy,wage_marginal_product,2.2129715169387913e-16,1e-08,True
reduction0.1_policy,housing_clearing,6.1020699768947163e-16,1e-08,True
reduction0.1_policy,joint_choice,6.2580164952190634e-16,1e-08,True
reduction0.1_policy,goods_resource,4.4408920985006262e-16,1e-08,True
reduction0.1_policy,log_ratio_residual,6.106226635438361e-16,1e-08,True
special,reduction0.25_baseline_R,3.637978807091713e-15,1e-08,True
special,reduction0.25_baseline_E,3.1050061812013474e-15,1e-08,True
special,reduction0.25_baseline_w,2.2182797604217762e-16,1e-08,True
special,reduction0.25_baseline_r,3.6542197839090863e-15,1e-08,True
special,reduction0.25_baseline_M,4.4025431462171865e-15,1e-08,True
reduction0.25_base,total_population,2.4424906541753444e-15,1e-08,True
reduction0.25_base,row_residents,6.2365350978714926e-15,1e-08,True
reduction0.25_base,column_employment,7.2036143403871046e-15,1e-08,True
reduction0.25_base,wage_marginal_product,6.6548392812653256e-16,1e-08,True
reduction0.25_base,housing_clearing,6.1709073085728879e-15,1e-08,True
reduction0.25_base,joint_choice,2.5981000753947375e-15,1e-08,True
reduction0.25_base,goods_resource,1.5543122344752192e-15,1e-08,True
reduction0.25_base,log_ratio_residual,9.2148511043887993e-15,1e-08,True
reduction0.25_policy,total_population,4.4408920985006262e-16,1e-08,True
reduction0.25_policy,row_residents,8.9878192411274865e-16,1e-08,True
reduction0.25_policy,column_employment,1.6764674034837952e-15,1e-08,True
reduction0.25_policy,wage_marginal_product,1.8296143887199665e-16,1e-08,True
reduction0.25_policy,housing_clearing,8.7648030798592672e-16,1e-08,True
reduction0.25_policy,joint_choice,7.0652032872150016e-16,1e-08,True
reduction0.25_policy,goods_resource,6.6613381477509392e-16,1e-08,True
reduction0.25_policy,log_ratio_residual,2.4702462297909733e-15,1e-08,True
special,reduction0.5_baseline_R,3.637978807091713e-15,1e-08,True
special,reduction0.5_baseline_E,3.1050061812013474e-15,1e-08,True
special,reduction0.5_baseline_w,2.2182797604217762e-16,1e-08,True
special,reduction0.5_baseline_r,3.6542197839090863e-15,1e-08,True
special,reduction0.5_baseline_M,4.4025431462171865e-15,1e-08,True
reduction0.5_base,total_population,2.4424906541753444e-15,1e-08,True
reduction0.5_base,row_residents,6.2365350978714926e-15,1e-08,True
reduction0.5_base,column_employment,7.2036143403871046e-15,1e-08,True
reduction0.5_base,wage_marginal_product,6.6548392812653256e-16,1e-08,True
reduction0.5_base,housing_clearing,6.1709073085728879e-15,1e-08,True
reduction0.5_base,joint_choice,2.5981000753947375e-15,1e-08,True
reduction0.5_base,goods_resource,1.5543122344752192e-15,1e-08,True
reduction0.5_base,log_ratio_residual,9.2148511043887993e-15,1e-08,True
reduction0.5_policy,total_population,1.1102230246251565e-15,1e-08,True
reduction0.5_policy,row_residents,2.4851014956750719e-15,1e-08,True
reduction0.5_policy,column_employment,3.360187128426275e-15,1e-08,True
reduction0.5_policy,wage_marginal_product,4.3729858097391647e-16,1e-08,True
reduction0.5_policy,housing_clearing,2.5036055701430202e-15,1e-08,True
reduction0.5_policy,joint_choice,1.3528546444907789e-15,1e-08,True
reduction0.5_policy,goods_resource,8.8817841970012523e-16,1e-08,True
reduction0.5_policy,log_ratio_residual,4.9960036108132044e-15,1e-08,True
special,theta2.0_baseline_R,2.0788450326238359e-16,1e-08,True
special,theta2.0_baseline_E,5.2013425741156293e-16,1e-08,True
special,theta2.0_baseline_w,2.2182797604217762e-16,1e-08,True
special,theta2.0_baseline_r,4.263256414560601e-16,1e-08,True
special,theta2.0_baseline_M,4.3712447079952437e-15,1e-08,True
theta2.0_base,total_population,1.9984014443252818e-15,1e-08,True
theta2.0_base,row_residents,3.0559021979570394e-15,1e-08,True
theta2.0_base,column_employment,2.8401499097774409e-15,1e-08,True
theta2.0_base,wage_marginal_product,3.6379788070917136e-16,1e-08,True
theta2.0_base,housing_clearing,2.9585277219119239e-15,1e-08,True
theta2.0_base,joint_choice,1.8816873697297896e-15,1e-08,True
theta2.0_base,goods_resource,1.1102230246251565e-15,1e-08,True
theta2.0_base,log_ratio_residual,2.3037127760971998e-15,1e-08,True
theta2.0_policy,total_population,7.7715611723760958e-16,1e-08,True
theta2.0_policy,row_residents,1.2349767190958607e-15,1e-08,True
theta2.0_policy,column_employment,2.5459596748793458e-15,1e-08,True
theta2.0_policy,wage_marginal_product,4.4232559169359457e-16,1e-08,True
theta2.0_policy,housing_clearing,1.1353412062366126e-15,1e-08,True
theta2.0_policy,joint_choice,9.5800783051351034e-16,1e-08,True
theta2.0_policy,goods_resource,4.4408920985006262e-16,1e-08,True
theta2.0_policy,log_ratio_residual,3.1641356201816961e-15,1e-08,True
special,theta4.0_baseline_R,3.637978807091713e-15,1e-08,True
special,theta4.0_baseline_E,3.1050061812013474e-15,1e-08,True
special,theta4.0_baseline_w,2.2182797604217762e-16,1e-08,True
special,theta4.0_baseline_r,3.6542197839090863e-15,1e-08,True
special,theta4.0_baseline_M,4.4025431462171865e-15,1e-08,True
theta4.0_base,total_population,2.4424906541753444e-15,1e-08,True
theta4.0_base,row_residents,6.2365350978714926e-15,1e-08,True
theta4.0_base,column_employment,7.2036143403871046e-15,1e-08,True
theta4.0_base,wage_marginal_product,6.6548392812653256e-16,1e-08,True
theta4.0_base,housing_clearing,6.1709073085728879e-15,1e-08,True
theta4.0_base,joint_choice,2.5981000753947375e-15,1e-08,True
theta4.0_base,goods_resource,1.5543122344752192e-15,1e-08,True
theta4.0_base,log_ratio_residual,9.2148511043887993e-15,1e-08,True
theta4.0_policy,total_population,4.4408920985006262e-16,1e-08,True
theta4.0_policy,row_residents,8.9878192411274865e-16,1e-08,True
theta4.0_policy,column_employment,1.6764674034837952e-15,1e-08,True
theta4.0_policy,wage_marginal_product,1.8296143887199665e-16,1e-08,True
theta4.0_policy,housing_clearing,8.7648030798592672e-16,1e-08,True
theta4.0_policy,joint_choice,7.0652032872150016e-16,1e-08,True
theta4.0_policy,goods_resource,6.6613381477509392e-16,1e-08,True
theta4.0_policy,log_ratio_residual,2.4702462297909733e-15,1e-08,True
special,theta6.0_baseline_R,7.2759576141834263e-16,1e-08,True
special,theta6.0_baseline_E,1.1479245374177704e-15,1e-08,True
special,theta6.0_baseline_w,0,1e-08,True
special,theta6.0_baseline_r,7.1054273576010023e-16,1e-08,True
special,theta6.0_baseline_M,1.1844355740071199e-14,1e-08,True
theta6.0_base,total_population,2.886579864025407e-15,1e-08,True
theta6.0_base,row_residents,5.5297277867794079e-15,1e-08,True
theta6.0_base,column_employment,6.1222641995614488e-15,1e-08,True
theta6.0_base,wage_marginal_product,7.2759576141834312e-16,1e-08,True
theta6.0_base,housing_clearing,5.2557420116963737e-15,1e-08,True
theta6.0_base,joint_choice,3.063195450018387e-15,1e-08,True
theta6.0_base,goods_resource,2.4424906541753444e-15,1e-08,True
theta6.0_base,log_ratio_residual,6.0507154842071031e-15,1e-08,True
theta6.0_policy,total_population,2.4424906541753444e-15,1e-08,True
theta6.0_policy,row_residents,2.6435778980930599e-15,1e-08,True
theta6.0_policy,column_employment,4.2353005241543142e-15,1e-08,True
theta6.0_policy,wage_marginal_product,2.2017192354173003e-16,1e-08,True
theta6.0_policy,housing_clearing,2.491323095109222e-15,1e-08,True
theta6.0_policy,joint_choice,2.638964440831744e-15,1e-08,True
theta6.0_policy,goods_resource,1.7763568394002505e-15,1e-08,True
theta6.0_policy,log_ratio_residual,3.12944115066216e-15,1e-08,True
special,beta0.8_baseline_R,1.6007106751203538e-15,1e-08,True
special,beta0.8_baseline_E,6.2100123624026951e-16,1e-08,True
special,beta0.8_baseline_w,2.2182797604217762e-16,1e-08,True
special,beta0.8_baseline_r,1.6240976817373718e-15,1e-08,True
special,beta0.8_baseline_M,6.2746284058674325e-15,1e-08,True
beta0.8_base,total_population,3.3306690738754696e-15,1e-08,True
beta0.8_base,row_residents,4.6566128730774001e-15,1e-08,True
beta0.8_base,column_employment,4.1463492324418647e-15,1e-08,True
beta0.8_base,wage_marginal_product,7.2759576141834302e-16,1e-08,True
beta0.8_base,housing_clearing,4.5692942144627042e-15,1e-08,True
beta0.8_base,joint_choice,3.2930827208994073e-15,1e-08,True
beta0.8_base,goods_resource,1.9984014443252818e-15,1e-08,True
beta0.8_base,log_ratio_residual,2.3869795029440866e-15,1e-08,True
beta0.8_policy,total_population,6.6613381477509392e-16,1e-08,True
beta0.8_policy,row_residents,1.504851350064169e-15,1e-08,True
beta0.8_policy,column_employment,1.1777889198734858e-15,1e-08,True
beta0.8_policy,wage_marginal_product,2.1952087131590369e-16,1e-08,True
beta0.8_policy,housing_clearing,1.5147575951981875e-15,1e-08,True
beta0.8_policy,joint_choice,8.7369055380285881e-16,1e-08,True
beta0.8_policy,goods_resource,2.2204460492503131e-16,1e-08,True
beta0.8_policy,log_ratio_residual,1.2212453270876722e-15,1e-08,True
special,beta0.9_baseline_R,3.637978807091713e-15,1e-08,True
special,beta0.9_baseline_E,3.1050061812013474e-15,1e-08,True
special,beta0.9_baseline_w,2.2182797604217762e-16,1e-08,True
special,beta0.9_baseline_r,3.6542197839090863e-15,1e-08,True
special,beta0.9_baseline_M,4.4025431462171865e-15,1e-08,True
beta0.9_base,total_population,2.4424906541753444e-15,1e-08,True
beta0.9_base,row_residents,6.2365350978714926e-15,1e-08,True
beta0.9_base,column_employment,7.2036143403871046e-15,1e-08,True
beta0.9_base,wage_marginal_product,6.6548392812653256e-16,1e-08,True
beta0.9_base,housing_clearing,6.1709073085728879e-15,1e-08,True
beta0.9_base,joint_choice,2.5981000753947375e-15,1e-08,True
beta0.9_base,goods_resource,1.5543122344752192e-15,1e-08,True
beta0.9_base,log_ratio_residual,9.2148511043887993e-15,1e-08,True
beta0.9_policy,total_population,4.4408920985006262e-16,1e-08,True
beta0.9_policy,row_residents,8.9878192411274865e-16,1e-08,True
beta0.9_policy,column_employment,1.6764674034837952e-15,1e-08,True
beta0.9_policy,wage_marginal_product,1.8296143887199665e-16,1e-08,True
beta0.9_policy,housing_clearing,8.7648030798592672e-16,1e-08,True
beta0.9_policy,joint_choice,7.0652032872150016e-16,1e-08,True
beta0.9_policy,goods_resource,6.6613381477509392e-16,1e-08,True
beta0.9_policy,log_ratio_residual,2.4702462297909733e-15,1e-08,True
special,beta1.0_baseline_R,8.7311491370201113e-16,1e-08,True
special,beta1.0_baseline_E,1.2420024724805391e-16,1e-08,True
special,beta1.0_baseline_w,0,1e-08,True
special,beta1.0_baseline_r,1.0150610510858574e-15,1e-08,True
special,beta1.0_baseline_M,6.2746284058674325e-15,1e-08,True
beta1.0_base,total_population,3.3306690738754696e-15,1e-08,True
beta1.0_base,row_residents,3.9290171116590532e-15,1e-08,True
beta1.0_base,column_employment,3.5540136278073103e-15,1e-08,True
beta1.0_base,wage_marginal_product,0,1e-08,True
beta1.0_base,housing_clearing,3.8478267069159616e-15,1e-08,True
beta1.0_base,joint_choice,3.2930827208994073e-15,1e-08,True
beta1.0_base,goods_resource,2.6645352591003757e-15,1e-08,True
beta1.0_base,log_ratio_residual,1.2212453270876722e-15,1e-08,True
beta1.0_policy,total_population,2.2204460492503131e-15,1e-08,True
beta1.0_policy,row_residents,3.7174422224380049e-15,1e-08,True
beta1.0_policy,column_employment,3.0758877763487924e-15,1e-08,True
beta1.0_policy,wage_marginal_product,0,1e-08,True
beta1.0_policy,housing_clearing,3.7078176782057351e-15,1e-08,True
beta1.0_policy,joint_choice,2.2629040652866782e-15,1e-08,True
beta1.0_policy,goods_resource,1.9984014443252818e-15,1e-08,True
beta1.0_policy,log_ratio_residual,2.2204460492503131e-15,1e-08,True
